team,1980,1981,1982,1983,1984,1985,1986,1987,1988,1989,1990,1991,1992,1993,1994,1995,1996,1997,1998,1999,2000,2001,2002,2003,2004,2005,2006,2007,2008,2009,2010,2011,2012,2013,2014,2015,2016
Bills,Buffalo Bills;11;5;0;69;,Buffalo Bills;10;6;0;63;,Buffalo Bills;4;5;0;44;,Buffalo Bills;8;8;0;50;,Buffalo Bills;2;14;0;13;,Buffalo Bills;2;14;0;13;,Buffalo Bills;4;12;0;25;,Buffalo Bills;7;8;0;47;,Buffalo Bills;12;4;0;75;,Buffalo Bills;9;7;0;56;,Buffalo Bills;13;3;0;81;cs,Buffalo Bills;13;3;0;81;cs,Buffalo Bills;11;5;0;69;cs,Buffalo Bills;12;4;0;75;cs,Buffalo Bills;7;9;0;44;,Buffalo Bills;10;6;0;63;,Buffalo Bills;10;6;0;63;,Buffalo Bills;6;10;0;38;,Buffalo Bills;10;6;0;63;,Buffalo Bills;11;5;0;69;,Buffalo Bills;8;8;0;50;,Buffalo Bills;3;13;0;19;,Buffalo Bills;8;8;0;50;,Buffalo Bills;6;10;0;38;,Buffalo Bills;9;7;0;56;,Buffalo Bills;5;11;0;31;,Buffalo Bills;7;9;0;44;,Buffalo Bills;7;9;0;44;,Buffalo Bills;7;9;0;44;,Buffalo Bills;6;10;0;38;,Buffalo Bills;4;12;0;25;,Buffalo Bills;6;10;0;38;,Buffalo Bills;6;10;0;38;,Buffalo Bills;6;10;0;38;,Buffalo Bills;9;7;0;56;,Buffalo Bills;8;8;0;50;,Buffalo Bills;7;9;0;44;
Dolphins,Miami Dolphins;8;8;0;50;,Miami Dolphins;11;4;1;72;,Miami Dolphins;7;2;0;78;cs,Miami Dolphins;12;4;0;75;,Miami Dolphins;14;2;0;88;cs,Miami Dolphins;12;4;0;75;,Miami Dolphins;8;8;0;50;,Miami Dolphins;8;7;0;53;,Miami Dolphins;6;10;0;38;,Miami Dolphins;8;8;0;50;,Miami Dolphins;12;4;0;75;,Miami Dolphins;8;8;0;50;,Miami Dolphins;11;5;0;69;,Miami Dolphins;9;7;0;56;,Miami Dolphins;10;6;0;63;,Miami Dolphins;9;7;0;56;,Miami Dolphins;8;8;0;50;,Miami Dolphins;9;7;0;56;,Miami Dolphins;10;6;0;63;,Miami Dolphins;9;7;0;56;,Miami Dolphins;11;5;0;69;,Miami Dolphins;11;5;0;69;,Miami Dolphins;9;7;0;56;,Miami Dolphins;10;6;0;63;,Miami Dolphins;4;12;0;25;,Miami Dolphins;9;7;0;56;,Miami Dolphins;6;10;0;38;,Miami Dolphins;1;15;0;6;,Miami Dolphins;11;5;0;69;,Miami Dolphins;7;9;0;44;,Miami Dolphins;7;9;0;44;,Miami Dolphins;6;10;0;38;,Miami Dolphins;7;9;0;44;,Miami Dolphins;8;8;0;50;,Miami Dolphins;8;8;0;50;,Miami Dolphins;6;10;0;38;,Miami Dolphins ;10;6;0;63;
Patriots,New England Patriots;10;6;0;63;,New England Patriots;2;14;0;13;,New England Patriots;5;4;0;56;,New England Patriots;8;8;0;50;,New England Patriots;9;7;0;56;,New England Patriots;11;5;0;69;cs,New England Patriots;11;5;0;69;,New England Patriots;8;7;0;53;,New England Patriots;9;7;0;56;,New England Patriots;5;11;0;31;,New England Patriots;1;15;0;6;,New England Patriots;6;10;0;38;,New England Patriots;2;14;0;13;,New England Patriots;5;11;0;31;,New England Patriots;10;6;0;63;,New England Patriots;6;10;0;38;,New England Patriots;11;5;0;69;cs,New England Patriots;10;6;0;63;,New England Patriots;9;7;0;56;,New England Patriots;8;8;0;50;,New England Patriots;5;11;0;31;,New England Patriots;11;5;0;69;sb,New England Patriots;9;7;0;56;,New England Patriots;14;2;0;88;sb,New England Patriots;14;2;0;88;sb,New England Patriots;10;6;0;63;,New England Patriots;12;4;0;75;,New England Patriots;16;0;0;100;cs,New England Patriots;11;5;0;69;,New England Patriots;10;6;0;63;,New England Patriots;14;2;0;88;,New England Patriots;13;3;0;81;cs,New England Patriots;12;4;0;75;,New England Patriots;12;4;0;75;,New England Patriots ;12;4;0;75;sb,New England Patriots ;12;4;0;75;,New England Patriots ;14;2;0;88;sb
Jets,New York Jets;4;12;0;25;,New York Jets;10;5;1;66;,New York Jets;6;3;0;67;,New York Jets;7;9;0;44;,New York Jets;7;9;0;44;,New York Jets;11;5;0;69;,New York Jets;10;6;0;63;,New York Jets;6;9;0;40;,New York Jets;8;7;1;53;,New York Jets;4;12;0;25;,New York Jets;6;10;0;38;,New York Jets;8;8;0;50;,New York Jets;4;12;0;25;,New York Jets;8;8;0;50;,New York Jets;6;10;0;38;,New York Jets;3;13;0;19;,New York Jets;1;15;0;6;,New York Jets;9;7;0;56;,New York Jets;12;4;0;75;,New York Jets;8;8;0;50;,New York Jets;9;7;0;56;,New York Jets;10;6;0;63;,New York Jets;9;7;0;56;,New York Jets;6;10;0;38;,New York Jets;10;6;0;63;,New York Jets;4;12;0;25;,New York Jets;10;6;0;63;,New York Jets;4;12;0;25;,New York Jets;9;7;0;56;,New York Jets;9;7;0;56;,New York Jets;11;5;0;69;,New York Jets;8;8;0;50;,New York Jets;6;10;0;38;,New York Jets;8;8;0;50;,New York Jets;4;12;0;25;,New York Jets;10;6;0;63;,New York Jets;5;11;0;31;
Ravens,,,,,,,,,,,,,,,,,Baltimore Ravens;4;12;0;25;,Baltimore Ravens;6;9;1;41;,Baltimore Ravens;6;10;0;38;,Baltimore Ravens;8;8;0;50;,Baltimore Ravens;12;4;0;75;sb,Baltimore Ravens;10;6;0;63;,Baltimore Ravens;7;9;0;44;,Baltimore Ravens;10;6;0;63;,Baltimore Ravens;9;7;0;56;,Baltimore Ravens;6;10;0;38;,Baltimore Ravens;13;3;0;81;,Baltimore Ravens;5;11;0;31;,Baltimore Ravens;11;5;0;69;,Baltimore Ravens;9;7;0;56;,Baltimore Ravens;12;4;0;75;,Baltimore Ravens;12;4;0;75;,Baltimore Ravens;10;6;0;63;sb,Baltimore Ravens;8;8;0;50;,Baltimore Ravens ;10;6;0;63;,Baltimore Ravens;5;11;0;31;,Baltimore Ravens;8;8;0;50;
Bengals,Cincinnati Bengals;6;10;0;38;,Cincinnati Bengals;12;4;0;75;cs,Cincinnati Bengals;7;2;0;78;,Cincinnati Bengals;7;9;0;44;,Cincinnati Bengals;8;8;0;50;,Cincinnati Bengals;7;9;0;44;,Cincinnati Bengals;10;6;0;63;,Cincinnati Bengals;4;11;0;27;,Cincinnati Bengals;12;4;0;75;cs,Cincinnati Bengals;8;8;0;50;,Cincinnati Bengals;9;7;0;56;,Cincinnati Bengals;3;13;0;19;,Cincinnati Bengals;5;11;0;31;,Cincinnati Bengals;3;13;0;19;,Cincinnati Bengals;3;13;0;19;,Cincinnati Bengals;7;9;0;44;,Cincinnati Bengals;8;8;0;50;,Cincinnati Bengals;7;9;0;44;,Cincinnati Bengals;3;13;0;19;,Cincinnati Bengals;4;12;0;25;,Cincinnati Bengals;4;12;0;25;,Cincinnati Bengals;6;10;0;38;,Cincinnati Bengals;2;14;0;13;,Cincinnati Bengals;8;8;0;50;,Cincinnati Bengals;8;8;0;50;,Cincinnati Bengals;11;5;0;69;,Cincinnati Bengals;8;8;0;50;,Cincinnati Bengals;7;9;0;44;,Cincinnati Bengals;4;11;1;28;,Cincinnati Bengals;10;6;0;63;,Cincinnati Bengals;4;12;0;25;,Cincinnati Bengals;9;7;0;56;,Cincinnati Bengals;10;6;0;63;,Cincinnati Bengals;11;5;0;69;,Cincinnati Bengals ;10;5;1;66;,Cincinnati Bengals ;12;4;0;75;,Cincinnati Bengals;6;9;1;41;
Browns,Cleveland Browns;11;5;0;69;,Cleveland Browns;5;11;0;31;,Cleveland Browns;4;5;0;44;,Cleveland Browns;9;7;0;56;,Cleveland Browns;5;11;0;31;,Cleveland Browns;8;8;0;50;,Cleveland Browns;12;4;0;75;,Cleveland Browns;10;5;0;67;,Cleveland Browns;10;6;0;63;,Cleveland Browns;9;6;1;59;,Cleveland Browns;3;13;0;19;,Cleveland Browns;6;10;0;38;,Cleveland Browns;7;9;0;44;,Cleveland Browns;7;9;0;44;,Cleveland Browns;11;5;0;69;,Cleveland Browns;5;11;0;31;,,,,Cleveland Browns;2;14;0;13;,Cleveland Browns;3;13;0;19;,Cleveland Browns;7;9;0;44;,Cleveland Browns;9;7;0;56;,Cleveland Browns;5;11;0;31;,Cleveland Browns;4;12;0;25;,Cleveland Browns;6;10;0;38;,Cleveland Browns;4;12;0;25;,Cleveland Browns;10;6;0;63;,Cleveland Browns;4;12;0;25;,Cleveland Browns;5;11;0;31;,Cleveland Browns;5;11;0;31;,Cleveland Browns;4;12;0;25;,Cleveland Browns;5;11;0;31;,Cleveland Browns;4;12;0;25;,Cleveland Browns;7;9;0;44;,Cleveland Browns;3;13;0;19;,Cleveland Browns;1;15;0;6;
Steelers,Pittsburgh Steelers;9;7;0;56;,Pittsburgh Steelers;8;8;0;50;,Pittsburgh Steelers;6;3;0;67;,Pittsburgh Steelers;10;6;0;63;,Pittsburgh Steelers;9;7;0;56;,Pittsburgh Steelers;7;9;0;44;,Pittsburgh Steelers;6;10;0;38;,Pittsburgh Steelers;8;7;0;53;,Pittsburgh Steelers;5;11;0;31;,Pittsburgh Steelers;9;7;0;56;,Pittsburgh Steelers;9;7;0;56;,Pittsburgh Steelers;7;9;0;44;,Pittsburgh Steelers;11;5;0;69;,Pittsburgh Steelers;9;7;0;56;,Pittsburgh Steelers;12;4;0;75;,Pittsburgh Steelers;11;5;0;69;cs,Pittsburgh Steelers;10;6;0;63;,Pittsburgh Steelers;11;5;0;69;,Pittsburgh Steelers;7;9;0;44;,Pittsburgh Steelers;6;10;0;38;,Pittsburgh Steelers;9;7;0;56;,Pittsburgh Steelers;13;3;0;81;,Pittsburgh Steelers;10;5;1;66;,Pittsburgh Steelers;6;10;0;38;,Pittsburgh Steelers;15;1;0;94;,Pittsburgh Steelers;11;5;0;69;sb,Pittsburgh Steelers;8;8;0;50;,Pittsburgh Steelers;10;6;0;63;,Pittsburgh Steelers;12;4;0;75;sb,Pittsburgh Steelers;9;7;0;56;,Pittsburgh Steelers;12;4;0;75;cs,Pittsburgh Steelers;12;4;0;75;,Pittsburgh Steelers;8;8;0;50;,Pittsburgh Steelers;8;8;0;50;,Pittsburgh Steelers ;11;5;0;69;,Pittsburgh Steelers ;10;6;0;63;,Pittsburgh Steelers ;11;5;0;69;
Texans,,,,,,,,,,,,,,,,,,,,,,,Houston Texans;4;12;0;25;,Houston Texans;5;11;0;31;,Houston Texans;7;9;0;44;,Houston Texans;2;14;0;13;,Houston Texans;6;10;0;38;,Houston Texans;8;8;0;50;,Houston Texans;8;8;0;50;,Houston Texans;9;7;0;56;,Houston Texans;6;10;0;38;,Houston Texans;10;6;0;63;,Houston Texans;12;4;0;75;,Houston Texans;2;14;0;13;,Houston Texans;9;7;0;56;,Houston Texans ;9;7;0;56;,Houston Texans ;9;7;0;56;
Colts,Baltimore Colts;7;9;0;44;,Baltimore Colts;2;14;0;13;,Baltimore Colts;0;8;1;6;,Baltimore Colts;7;9;0;44;,Indianapolis Colts;4;12;0;25;,Indianapolis Colts;5;11;0;31;,Indianapolis Colts;3;13;0;19;,Indianapolis Colts;9;6;0;60;,Indianapolis Colts;9;7;0;56;,Indianapolis Colts;8;8;0;50;,Indianapolis Colts;7;9;0;44;,Indianapolis Colts;1;15;0;6;,Indianapolis Colts;9;7;0;56;,Indianapolis Colts;4;12;0;25;,Indianapolis Colts;8;8;0;50;,Indianapolis Colts;9;7;0;56;,Indianapolis Colts;9;7;0;56;,Indianapolis Colts;3;13;0;19;,Indianapolis Colts;3;13;0;19;,Indianapolis Colts;13;3;0;81;,Indianapolis Colts;10;6;0;63;,Indianapolis Colts;6;10;0;38;,Indianapolis Colts;10;6;0;63;,Indianapolis Colts;12;4;0;75;,Indianapolis Colts;12;4;0;75;,Indianapolis Colts;14;2;0;88;,Indianapolis Colts;12;4;0;75;sb,Indianapolis Colts;13;3;0;81;,Indianapolis Colts;12;4;0;75;,Indianapolis Colts;14;2;0;88;cs,Indianapolis Colts;10;6;0;63;,Indianapolis Colts;2;14;0;13;,Indianapolis Colts;11;5;0;69;,Indianapolis Colts;11;5;0;69;,Indianapolis Colts ;11;5;0;69;,Indianapolis Colts;8;8;0;50;,Indianapolis Colts;8;8;0;50;
Jaguars,,,,,,,,,,,,,,,,Jacksonville Jaguars;4;12;0;25;,Jacksonville Jaguars;9;7;0;56;,Jacksonville Jaguars;11;5;0;69;,Jacksonville Jaguars;11;5;0;69;,Jacksonville Jaguars;14;2;0;88;,Jacksonville Jaguars;7;9;0;44;,Jacksonville Jaguars;6;10;0;38;,Jacksonville Jaguars;6;10;0;38;,Jacksonville Jaguars;5;11;0;31;,Jacksonville Jaguars;9;7;0;56;,Jacksonville Jaguars;12;4;0;75;,Jacksonville Jaguars;8;8;0;50;,Jacksonville Jaguars;11;5;0;69;,Jacksonville Jaguars;5;11;0;31;,Jacksonville Jaguars;7;9;0;44;,Jacksonville Jaguars;8;8;0;50;,Jacksonville Jaguars;5;11;0;31;,Jacksonville Jaguars;2;14;0;13;,Jacksonville Jaguars;4;12;0;25;,Jacksonville Jaguars;3;13;0;19;,Jacksonville Jaguars;5;11;0;31;,Jacksonville Jaguars;3;13;0;19;
Titans,,,,,,,,,,,,,,,,,,,,Tennessee Titans;13;3;0;81;cs,Tennessee Titans;13;3;0;81;,Tennessee Titans;7;9;0;44;,Tennessee Titans;11;5;0;69;,Tennessee Titans;12;4;0;75;,Tennessee Titans;5;11;0;31;,Tennessee Titans;4;12;0;25;,Tennessee Titans;8;8;0;50;,Tennessee Titans;10;6;0;63;,Tennessee Titans;13;3;0;81;,Tennessee Titans;8;8;0;50;,Tennessee Titans;6;10;0;38;,Tennessee Titans;9;7;0;56;,Tennessee Titans;6;10;0;38;,Tennessee Titans;7;9;0;44;,Tennessee Titans;2;14;0;13;,Tennessee Titans;3;13;0;19;,Tennessee Titans;9;7;0;56;
Oilers,Houston Oilers;11;5;0;69;,Houston Oilers;7;9;0;44;,Houston Oilers;1;8;0;11;,Houston Oilers;2;14;0;13;,Houston Oilers;3;13;0;19;,Houston Oilers;5;11;0;31;,Houston Oilers;5;11;0;31;,Houston Oilers;9;6;0;60;,Houston Oilers;10;6;0;63;,Houston Oilers;9;7;0;56;,Houston Oilers;9;7;0;56;,Houston Oilers;11;5;0;69;,Houston Oilers;10;6;0;63;,Houston Oilers;12;4;0;75;,Houston Oilers;2;14;0;13;,Houston Oilers;7;9;0;44;,Houston Oilers;8;8;0;50;,Tennessee Oilers;8;8;0;50;,Tennessee Oilers;8;8;0;50;,,,,,,,,,,,,,,,,,,
Broncos,Denver Broncos;8;8;0;50;,Denver Broncos;10;6;0;63;,Denver Broncos;2;7;0;22;,Denver Broncos;9;7;0;56;,Denver Broncos;13;3;0;81;,Denver Broncos;11;5;0;69;,Denver Broncos;11;5;0;69;cs,Denver Broncos;10;4;1;70;cs,Denver Broncos;8;8;0;50;,Denver Broncos;11;5;0;69;cs,Denver Broncos;5;11;0;31;,Denver Broncos;12;4;0;75;,Denver Broncos;8;8;0;50;,Denver Broncos;9;7;0;56;,Denver Broncos;7;9;0;44;,Denver Broncos;8;8;0;50;,Denver Broncos;13;3;0;81;,Denver Broncos;12;4;0;75;sb,Denver Broncos;14;2;0;88;sb,Denver Broncos;6;10;0;38;,Denver Broncos;11;5;0;69;,Denver Broncos;8;8;0;50;,Denver Broncos;9;7;0;56;,Denver Broncos;10;6;0;63;,Denver Broncos;10;6;0;63;,Denver Broncos;13;3;0;81;,Denver Broncos;9;7;0;56;,Denver Broncos;7;9;0;44;,Denver Broncos;8;8;0;50;,Denver Broncos;8;8;0;50;,Denver Broncos;4;12;0;25;,Denver Broncos;8;8;0;50;,Denver Broncos;13;3;0;81;,Denver Broncos;13;3;0;81;cs,Denver Broncos ;12;4;0;75;,Denver Broncos ;12;4;0;75;sb,Denver Broncos;9;7;0;56;
Chiefs,Kansas City Chiefs;8;8;0;50;,Kansas City Chiefs;9;7;0;56;,Kansas City Chiefs;3;6;0;33;,Kansas City Chiefs;6;10;0;38;,Kansas City Chiefs;8;8;0;50;,Kansas City Chiefs;6;10;0;38;,Kansas City Chiefs;10;6;0;63;,Kansas City Chiefs;4;11;0;27;,Kansas City Chiefs;4;11;1;28;,Kansas City Chiefs;8;7;1;53;,Kansas City Chiefs;11;5;0;69;,Kansas City Chiefs;10;6;0;63;,Kansas City Chiefs;10;6;0;63;,Kansas City Chiefs;11;5;0;69;,Kansas City Chiefs;9;7;0;56;,Kansas City Chiefs;13;3;0;81;,Kansas City Chiefs;9;7;0;56;,Kansas City Chiefs;13;3;0;81;,Kansas City Chiefs;7;9;0;44;,Kansas City Chiefs;9;7;0;56;,Kansas City Chiefs;7;9;0;44;,Kansas City Chiefs;6;10;0;38;,Kansas City Chiefs;8;8;0;50;,Kansas City Chiefs;13;3;0;81;,Kansas City Chiefs;7;9;0;44;,Kansas City Chiefs;10;6;0;63;,Kansas City Chiefs;9;7;0;56;,Kansas City Chiefs;4;12;0;25;,Kansas City Chiefs;2;14;0;13;,Kansas City Chiefs;4;12;0;25;,Kansas City Chiefs;10;6;0;63;,Kansas City Chiefs;7;9;0;44;,Kansas City Chiefs;2;14;0;13;,Kansas City Chiefs;11;5;0;69;,Kansas City Chiefs;9;7;0;56;,Kansas City Chiefs ;11;5;0;69;,Kansas City Chiefs ;12;4;0;75;
Raiders,Oakland Raiders;11;5;0;69;sb,Oakland Raiders;7;9;0;44;,Los Angeles Raiders;8;1;0;89;,Los Angeles Raiders;12;4;0;75;sb,Los Angeles Raiders;11;5;0;69;,Los Angeles Raiders;12;4;0;75;,Los Angeles Raiders;8;8;0;50;,Los Angeles Raiders;5;10;0;33;,Los Angeles Raiders;7;9;0;44;,Los Angeles Raiders;8;8;0;50;,Los Angeles Raiders;12;4;0;75;,Los Angeles Raiders;9;7;0;56;,Los Angeles Raiders;7;9;0;44;,Los Angeles Raiders;10;6;0;63;,Los Angeles Raiders;9;7;0;56;,Oakland Raiders;8;8;0;50;,Oakland Raiders;7;9;0;44;,Oakland Raiders;4;12;0;25;,Oakland Raiders;8;8;0;50;,Oakland Raiders;8;8;0;50;,Oakland Raiders;12;4;0;75;,Oakland Raiders;10;6;0;63;,Oakland Raiders;11;5;0;69;cs,Oakland Raiders;4;12;0;25;,Oakland Raiders;5;11;0;31;,Oakland Raiders;4;12;0;25;,Oakland Raiders;2;14;0;13;,Oakland Raiders;4;12;0;25;,Oakland Raiders;5;11;0;31;,Oakland Raiders;5;11;0;31;,Oakland Raiders;8;8;0;50;,Oakland Raiders;8;8;0;50;,Oakland Raiders;4;12;0;25;,Oakland Raiders;4;12;0;25;,Oakland Raiders;3;13;0;19;,Oakland Raiders;7;9;0;44;,Oakland Raiders ;12;4;0;75;
Chargers,San Diego Chargers;11;5;0;69;,San Diego Chargers;10;6;0;63;,San Diego Chargers;6;3;0;67;,San Diego Chargers;6;10;0;38;,San Diego Chargers;7;9;0;44;,San Diego Chargers;8;8;0;50;,San Diego Chargers;4;12;0;25;,San Diego Chargers;8;7;0;53;,San Diego Chargers;6;10;0;38;,San Diego Chargers;6;10;0;38;,San Diego Chargers;6;10;0;38;,San Diego Chargers;4;12;0;25;,San Diego Chargers;11;5;0;69;,San Diego Chargers;8;8;0;50;,San Diego Chargers;11;5;0;69;cs,San Diego Chargers;9;7;0;56;,San Diego Chargers;8;8;0;50;,San Diego Chargers;4;12;0;25;,San Diego Chargers;5;11;0;31;,San Diego Chargers;8;8;0;50;,San Diego Chargers;1;15;0;6;,San Diego Chargers;5;11;0;31;,San Diego Chargers;8;8;0;50;,San Diego Chargers;4;12;0;25;,San Diego Chargers;12;4;0;75;,San Diego Chargers;9;7;0;56;,San Diego Chargers;14;2;0;88;,San Diego Chargers;11;5;0;69;,San Diego Chargers;8;8;0;50;,San Diego Chargers;13;3;0;81;,San Diego Chargers;9;7;0;56;,San Diego Chargers;8;8;0;50;,San Diego Chargers;7;9;0;44;,San Diego Chargers;9;7;0;56;,San Diego Chargers;9;7;0;56;,San Diego Chargers;4;12;0;25;,San Diego Chargers;5;11;0;31;
Cowboys,Dallas Cowboys;12;4;0;75;,Dallas Cowboys;12;4;0;75;,Dallas Cowboys;6;3;0;67;,Dallas Cowboys;12;4;0;75;,Dallas Cowboys;9;7;0;56;,Dallas Cowboys;10;6;0;63;,Dallas Cowboys;7;9;0;44;,Dallas Cowboys;7;8;0;47;,Dallas Cowboys;3;13;0;19;,Dallas Cowboys;1;15;0;6;,Dallas Cowboys;7;9;0;44;,Dallas Cowboys;11;5;0;69;,Dallas Cowboys;13;3;0;81;sb,Dallas Cowboys;12;4;0;75;sb,Dallas Cowboys;12;4;0;75;,Dallas Cowboys;12;4;0;75;sb,Dallas Cowboys;10;6;0;63;,Dallas Cowboys;6;10;0;38;,Dallas Cowboys;10;6;0;63;,Dallas Cowboys;8;8;0;50;,Dallas Cowboys;5;11;0;31;,Dallas Cowboys;5;11;0;31;,Dallas Cowboys;5;11;0;31;,Dallas Cowboys;10;6;0;63;,Dallas Cowboys;6;10;0;38;,Dallas Cowboys;9;7;0;56;,Dallas Cowboys;9;7;0;56;,Dallas Cowboys;13;3;0;81;,Dallas Cowboys;9;7;0;56;,Dallas Cowboys;11;5;0;69;,Dallas Cowboys;6;10;0;38;,Dallas Cowboys;8;8;0;50;,Dallas Cowboys;8;8;0;50;,Dallas Cowboys;8;8;0;50;,Dallas Cowboys ;12;4;0;75;,Dallas Cowboys;4;12;0;25;,Dallas Cowboys ;13;3;0;81;
Giants,New York Giants;4;12;0;25;,New York Giants;9;7;0;56;,New York Giants;4;5;0;44;,New York Giants;3;12;1;22;,New York Giants;9;7;0;56;,New York Giants;10;6;0;63;,New York Giants;14;2;0;88;sb,New York Giants;6;9;0;40;,New York Giants;10;6;0;63;,New York Giants;12;4;0;75;,New York Giants;13;3;0;81;sb,New York Giants;8;8;0;50;,New York Giants;6;10;0;38;,New York Giants;11;5;0;69;,New York Giants;9;7;0;56;,New York Giants;5;11;0;31;,New York Giants;6;10;0;38;,New York Giants;10;5;1;66;,New York Giants;8;8;0;50;,New York Giants;7;9;0;44;,New York Giants;12;4;0;75;cs,New York Giants;7;9;0;44;,New York Giants;10;6;0;63;,New York Giants;4;12;0;25;,New York Giants;6;10;0;38;,New York Giants;11;5;0;69;,New York Giants;8;8;0;50;,New York Giants;10;6;0;63;sb,New York Giants;12;4;0;75;,New York Giants;8;8;0;50;,New York Giants;10;6;0;63;,New York Giants;9;7;0;56;sb,New York Giants;9;7;0;56;,New York Giants;7;9;0;44;,New York Giants;6;10;0;38;,New York Giants;6;10;0;38;,New York Giants ;11;5;0;69;
Eagles,Philadelphia Eagles;12;4;0;75;cs,Philadelphia Eagles;10;6;0;63;,Philadelphia Eagles;3;6;0;33;,Philadelphia Eagles;5;11;0;31;,Philadelphia Eagles;6;9;1;41;,Philadelphia Eagles;7;9;0;44;,Philadelphia Eagles;5;10;1;34;,Philadelphia Eagles;7;8;0;47;,Philadelphia Eagles;10;6;0;63;,Philadelphia Eagles;11;5;0;69;,Philadelphia Eagles;10;6;0;63;,Philadelphia Eagles;10;6;0;63;,Philadelphia Eagles;11;5;0;69;,Philadelphia Eagles;8;8;0;50;,Philadelphia Eagles;7;9;0;44;,Philadelphia Eagles;10;6;0;63;,Philadelphia Eagles;10;6;0;63;,Philadelphia Eagles;6;9;1;41;,Philadelphia Eagles;3;13;0;19;,Philadelphia Eagles;5;11;0;31;,Philadelphia Eagles;11;5;0;69;,Philadelphia Eagles;11;5;0;69;,Philadelphia Eagles;12;4;0;75;,Philadelphia Eagles;12;4;0;75;,Philadelphia Eagles;13;3;0;81;cs,Philadelphia Eagles;6;10;0;38;,Philadelphia Eagles;10;6;0;63;,Philadelphia Eagles;8;8;0;50;,Philadelphia Eagles;9;6;1;59;,Philadelphia Eagles;11;5;0;69;,Philadelphia Eagles;10;6;0;63;,Philadelphia Eagles;8;8;0;50;,Philadelphia Eagles;4;12;0;25;,Philadelphia Eagles;10;6;0;63;,Philadelphia Eagles;10;6;0;63;,Philadelphia Eagles;7;9;0;44;,Philadelphia Eagles;7;9;0;44;
Redskins,Washington Redskins;6;10;0;38;,Washington Redskins;8;8;0;50;,Washington Redskins;8;1;0;89;sb,Washington Redskins;14;2;0;88;cs,Washington Redskins;11;5;0;69;,Washington Redskins;10;6;0;63;,Washington Redskins;12;4;0;75;,Washington Redskins;11;4;0;73;sb,Washington Redskins;7;9;0;44;,Washington Redskins;10;6;0;63;,Washington Redskins;10;6;0;63;,Washington Redskins;14;2;0;88;sb,Washington Redskins;9;7;0;56;,Washington Redskins;4;12;0;25;,Washington Redskins;3;13;0;19;,Washington Redskins;6;10;0;38;,Washington Redskins;9;7;0;56;,Washington Redskins;8;7;1;53;,Washington Redskins;6;10;0;38;,Washington Redskins;10;6;0;63;,Washington Redskins;8;8;0;50;,Washington Redskins;8;8;0;50;,Washington Redskins;7;9;0;44;,Washington Redskins;5;11;0;31;,Washington Redskins;6;10;0;38;,Washington Redskins;10;6;0;63;,Washington Redskins;5;11;0;31;,Washington Redskins;9;7;0;56;,Washington Redskins;8;8;0;50;,Washington Redskins;4;12;0;25;,Washington Redskins;6;10;0;38;,Washington Redskins;5;11;0;31;,Washington Redskins;10;6;0;63;,Washington Redskins;3;13;0;19;,Washington Redskins;4;12;0;25;,Washington Redskins ;9;7;0;56;,Washington Redskins;8;7;1;53;
Bears,Chicago Bears;7;9;0;44;,Chicago Bears;6;10;0;38;,Chicago Bears;3;6;0;33;,Chicago Bears;8;8;0;50;,Chicago Bears;10;6;0;63;,Chicago Bears;15;1;0;94;sb,Chicago Bears;14;2;0;88;,Chicago Bears;11;4;0;73;,Chicago Bears;12;4;0;75;,Chicago Bears;6;10;0;38;,Chicago Bears;11;5;0;69;,Chicago Bears;11;5;0;69;,Chicago Bears;5;11;0;31;,Chicago Bears;7;9;0;44;,Chicago Bears;9;7;0;56;,Chicago Bears;9;7;0;56;,Chicago Bears;7;9;0;44;,Chicago Bears;4;12;0;25;,Chicago Bears;4;12;0;25;,Chicago Bears;6;10;0;38;,Chicago Bears;5;11;0;31;,Chicago Bears;13;3;0;81;,Chicago Bears;4;12;0;25;,Chicago Bears;7;9;0;44;,Chicago Bears;5;11;0;31;,Chicago Bears;11;5;0;69;,Chicago Bears;13;3;0;81;cs,Chicago Bears;7;9;0;44;,Chicago Bears;9;7;0;56;,Chicago Bears;7;9;0;44;,Chicago Bears;11;5;0;69;,Chicago Bears;8;8;0;50;,Chicago Bears;10;6;0;63;,Chicago Bears;8;8;0;50;,Chicago Bears;5;11;0;31;,Chicago Bears;6;10;0;38;,Chicago Bears;3;13;0;19;
Lions,Detroit Lions;9;7;0;56;,Detroit Lions;8;8;0;50;,Detroit Lions;4;5;0;44;,Detroit Lions;9;7;0;56;,Detroit Lions;4;11;1;28;,Detroit Lions;7;9;0;44;,Detroit Lions;5;11;0;31;,Detroit Lions;4;11;0;27;,Detroit Lions;4;12;0;25;,Detroit Lions;7;9;0;44;,Detroit Lions;6;10;0;38;,Detroit Lions;12;4;0;75;,Detroit Lions;5;11;0;31;,Detroit Lions;10;6;0;63;,Detroit Lions;9;7;0;56;,Detroit Lions;10;6;0;63;,Detroit Lions;5;11;0;31;,Detroit Lions;9;7;0;56;,Detroit Lions;5;11;0;31;,Detroit Lions;8;8;0;50;,Detroit Lions;9;7;0;56;,Detroit Lions;2;14;0;13;,Detroit Lions;3;13;0;19;,Detroit Lions;5;11;0;31;,Detroit Lions;6;10;0;38;,Detroit Lions;5;11;0;31;,Detroit Lions;3;13;0;19;,Detroit Lions;7;9;0;44;,Detroit Lions;0;16;0;0;,Detroit Lions;2;14;0;13;,Detroit Lions;6;10;0;38;,Detroit Lions;10;6;0;63;,Detroit Lions;4;12;0;25;,Detroit Lions;7;9;0;44;,Detroit Lions ;11;5;0;69;,Detroit Lions;7;9;0;44;,Detroit Lions ;9;7;0;56;
Packers,Green Bay Packers;5;10;1;34;,Green Bay Packers;8;8;0;50;,Green Bay Packers;5;3;1;61;,Green Bay Packers;8;8;0;50;,Green Bay Packers;8;8;0;50;,Green Bay Packers;8;8;0;50;,Green Bay Packers;4;12;0;25;,Green Bay Packers;5;9;1;37;,Green Bay Packers;4;12;0;25;,Green Bay Packers;10;6;0;63;,Green Bay Packers;6;10;0;38;,Green Bay Packers;4;12;0;25;,Green Bay Packers;9;7;0;56;,Green Bay Packers;9;7;0;56;,Green Bay Packers;9;7;0;56;,Green Bay Packers;11;5;0;69;,Green Bay Packers;13;3;0;81;sb,Green Bay Packers;13;3;0;81;cs,Green Bay Packers;11;5;0;69;,Green Bay Packers;8;8;0;50;,Green Bay Packers;9;7;0;56;,Green Bay Packers;12;4;0;75;,Green Bay Packers;12;4;0;75;,Green Bay Packers;10;6;0;63;,Green Bay Packers;10;6;0;63;,Green Bay Packers;4;12;0;25;,Green Bay Packers;8;8;0;50;,Green Bay Packers;13;3;0;81;,Green Bay Packers;6;10;0;38;,Green Bay Packers;11;5;0;69;,Green Bay Packers;10;6;0;63;sb,Green Bay Packers;15;1;0;94;,Green Bay Packers;11;5;0;69;,Green Bay Packers;8;7;1;53;,Green Bay Packers ;12;4;0;75;,Green Bay Packers ;10;6;0;63;,Green Bay Packers ;10;6;0;63;
Vikings,Minnesota Vikings;9;7;0;56;,Minnesota Vikings;7;9;0;44;,Minnesota Vikings;5;4;0;56;,Minnesota Vikings;8;8;0;50;,Minnesota Vikings;3;13;0;19;,Minnesota Vikings;7;9;0;44;,Minnesota Vikings;9;7;0;56;,Minnesota Vikings;8;7;0;53;,Minnesota Vikings;11;5;0;69;,Minnesota Vikings;10;6;0;63;,Minnesota Vikings;6;10;0;38;,Minnesota Vikings;8;8;0;50;,Minnesota Vikings;11;5;0;69;,Minnesota Vikings;9;7;0;56;,Minnesota Vikings;10;6;0;63;,Minnesota Vikings;8;8;0;50;,Minnesota Vikings;9;7;0;56;,Minnesota Vikings;9;7;0;56;,Minnesota Vikings;15;1;0;94;,Minnesota Vikings;10;6;0;63;,Minnesota Vikings;11;5;0;69;,Minnesota Vikings;5;11;0;31;,Minnesota Vikings;6;10;0;38;,Minnesota Vikings;9;7;0;56;,Minnesota Vikings;8;8;0;50;,Minnesota Vikings;9;7;0;56;,Minnesota Vikings;6;10;0;38;,Minnesota Vikings;8;8;0;50;,Minnesota Vikings;10;6;0;63;,Minnesota Vikings;12;4;0;75;,Minnesota Vikings;6;10;0;38;,Minnesota Vikings;3;13;0;19;,Minnesota Vikings;10;6;0;63;,Minnesota Vikings;5;10;1;34;,Minnesota Vikings;7;9;0;44;,Minnesota Vikings ;11;5;0;69;,Minnesota Vikings;8;8;0;50;
Falcons,Atlanta Falcons;12;4;0;75;,Atlanta Falcons;7;9;0;44;,Atlanta Falcons;5;4;0;56;,Atlanta Falcons;7;9;0;44;,Atlanta Falcons;4;12;0;25;,Atlanta Falcons;4;12;0;25;,Atlanta Falcons;7;8;1;47;,Atlanta Falcons;3;12;0;20;,Atlanta Falcons;5;11;0;31;,Atlanta Falcons;3;13;0;19;,Atlanta Falcons;5;11;0;31;,Atlanta Falcons;10;6;0;63;,Atlanta Falcons;6;10;0;38;,Atlanta Falcons;6;10;0;38;,Atlanta Falcons;7;9;0;44;,Atlanta Falcons;9;7;0;56;,Atlanta Falcons;3;13;0;19;,Atlanta Falcons;7;9;0;44;,Atlanta Falcons;14;2;0;88;cs,Atlanta Falcons;5;11;0;31;,Atlanta Falcons;4;12;0;25;,Atlanta Falcons;7;9;0;44;,Atlanta Falcons;9;6;1;59;,Atlanta Falcons;5;11;0;31;,Atlanta Falcons;11;5;0;69;,Atlanta Falcons;8;8;0;50;,Atlanta Falcons;7;9;0;44;,Atlanta Falcons;4;12;0;25;,Atlanta Falcons;11;5;0;69;,Atlanta Falcons;9;7;0;56;,Atlanta Falcons;13;3;0;81;,Atlanta Falcons;10;6;0;63;,Atlanta Falcons;13;3;0;81;,Atlanta Falcons;4;12;0;25;,Atlanta Falcons;6;10;0;38;,Atlanta Falcons;8;8;0;50;,Atlanta Falcons ;11;5;0;69;cs
Panthers,,,,,,,,,,,,,,,,Carolina Panthers;7;9;0;44;,Carolina Panthers;12;4;0;75;,Carolina Panthers;7;9;0;44;,Carolina Panthers;4;12;0;25;,Carolina Panthers;8;8;0;50;,Carolina Panthers;7;9;0;44;,Carolina Panthers;1;15;0;6;,Carolina Panthers;7;9;0;44;,Carolina Panthers;11;5;0;69;cs,Carolina Panthers;7;9;0;44;,Carolina Panthers;11;5;0;69;,Carolina Panthers;8;8;0;50;,Carolina Panthers;7;9;0;44;,Carolina Panthers;12;4;0;75;,Carolina Panthers;8;8;0;50;,Carolina Panthers;2;14;0;13;,Carolina Panthers;6;10;0;38;,Carolina Panthers;7;9;0;44;,Carolina Panthers;12;4;0;75;,Carolina Panthers ;7;8;1;47;,Carolina Panthers ;15;1;0;94;cs,Carolina Panthers;6;10;0;38;
Saints,New Orleans Saints;1;15;0;6;,New Orleans Saints;4;12;0;25;,New Orleans Saints;4;5;0;44;,New Orleans Saints;8;8;0;50;,New Orleans Saints;7;9;0;44;,New Orleans Saints;5;11;0;31;,New Orleans Saints;7;9;0;44;,New Orleans Saints;12;3;0;80;,New Orleans Saints;10;6;0;63;,New Orleans Saints;9;7;0;56;,New Orleans Saints;8;8;0;50;,New Orleans Saints;11;5;0;69;,New Orleans Saints;12;4;0;75;,New Orleans Saints;8;8;0;50;,New Orleans Saints;7;9;0;44;,New Orleans Saints;7;9;0;44;,New Orleans Saints;3;13;0;19;,New Orleans Saints;6;10;0;38;,New Orleans Saints;6;10;0;38;,New Orleans Saints;3;13;0;19;,New Orleans Saints;10;6;0;63;,New Orleans Saints;7;9;0;44;,New Orleans Saints;9;7;0;56;,New Orleans Saints;8;8;0;50;,New Orleans Saints;8;8;0;50;,New Orleans Saints;3;13;0;19;,New Orleans Saints;10;6;0;63;,New Orleans Saints;7;9;0;44;,New Orleans Saints;8;8;0;50;,New Orleans Saints;13;3;0;81;sb,New Orleans Saints;11;5;0;69;,New Orleans Saints;13;3;0;81;,New Orleans Saints;7;9;0;44;,New Orleans Saints;11;5;0;69;,New Orleans Saints;7;9;0;44;,New Orleans Saints;7;9;0;44;,New Orleans Saints;7;9;0;44;
Buccaneers,Tampa Bay Buccaneers;5;10;1;34;,Tampa Bay Buccaneers;9;7;0;56;,Tampa Bay Buccaneers;5;4;0;56;,Tampa Bay Buccaneers;2;14;0;13;,Tampa Bay Buccaneers;6;10;0;38;,Tampa Bay Buccaneers;2;14;0;13;,Tampa Bay Buccaneers;2;14;0;13;,Tampa Bay Buccaneers;4;11;0;27;,Tampa Bay Buccaneers;5;11;0;31;,Tampa Bay Buccaneers;5;11;0;31;,Tampa Bay Buccaneers;6;10;0;38;,Tampa Bay Buccaneers;3;13;0;19;,Tampa Bay Buccaneers;5;11;0;31;,Tampa Bay Buccaneers;5;11;0;31;,Tampa Bay Buccaneers;6;10;0;38;,Tampa Bay Buccaneers;7;9;0;44;,Tampa Bay Buccaneers;6;10;0;38;,Tampa Bay Buccaneers;10;6;0;63;,Tampa Bay Buccaneers;8;8;0;50;,Tampa Bay Buccaneers;11;5;0;69;,Tampa Bay Buccaneers;10;6;0;63;,Tampa Bay Buccaneers;9;7;0;56;,Tampa Bay Buccaneers;12;4;0;75;sb,Tampa Bay Buccaneers;7;9;0;44;,Tampa Bay Buccaneers;5;11;0;31;,Tampa Bay Buccaneers;11;5;0;69;,Tampa Bay Buccaneers;4;12;0;25;,Tampa Bay Buccaneers;9;7;0;56;,Tampa Bay Buccaneers;9;7;0;56;,Tampa Bay Buccaneers;3;13;0;19;,Tampa Bay Buccaneers;10;6;0;63;,Tampa Bay Buccaneers;4;12;0;25;,Tampa Bay Buccaneers;7;9;0;44;,Tampa Bay Buccaneers;4;12;0;25;,Tampa Bay Buccaneers;2;14;0;13;,Tampa Bay Buccaneers;6;10;0;38;,Tampa Bay Buccaneers;9;7;0;56;
Cardinals,St. Louis Cardinals;5;11;0;31;,St. Louis Cardinals;7;9;0;44;,St. Louis Cardinals;5;4;0;56;,St. Louis Cardinals;8;7;1;53;,St. Louis Cardinals;9;7;0;56;,St. Louis Cardinals;5;11;0;31;,St. Louis Cardinals;4;11;1;28;,St. Louis Cardinals;7;8;0;47;,Phoenix Cardinals;7;9;0;44;,Phoenix Cardinals;5;11;0;31;,Phoenix Cardinals;5;11;0;31;,Phoenix Cardinals;4;12;0;25;,Phoenix Cardinals;4;12;0;25;,Phoenix Cardinals;7;9;0;44;,Arizona Cardinals;8;8;0;50;,Arizona Cardinals;4;12;0;25;,Arizona Cardinals;7;9;0;44;,Arizona Cardinals;4;12;0;25;,Arizona Cardinals;9;7;0;56;,Arizona Cardinals;6;10;0;38;,Arizona Cardinals;3;13;0;19;,Arizona Cardinals;7;9;0;44;,Arizona Cardinals;5;11;0;31;,Arizona Cardinals;4;12;0;25;,Arizona Cardinals;6;10;0;38;,Arizona Cardinals;5;11;0;31;,Arizona Cardinals;5;11;0;31;,Arizona Cardinals;8;8;0;50;,Arizona Cardinals;9;7;0;56;cs,Arizona Cardinals;10;6;0;63;,Arizona Cardinals;5;11;0;31;,Arizona Cardinals;8;8;0;50;,Arizona Cardinals;5;11;0;31;,Arizona Cardinals;10;6;0;63;,Arizona Cardinals ;11;5;0;69;,Arizona Cardinals ;13;3;0;81;,Arizona Cardinals;7;8;1;47;
Rams,Los Angeles Rams;11;5;0;69;,Los Angeles Rams;6;10;0;38;,Los Angeles Rams;2;7;0;22;,Los Angeles Rams;9;7;0;56;,Los Angeles Rams;10;6;0;63;,Los Angeles Rams;11;5;0;69;,Los Angeles Rams;10;6;0;63;,Los Angeles Rams;6;9;0;40;,Los Angeles Rams;10;6;0;63;,Los Angeles Rams;11;5;0;69;,Los Angeles Rams;5;11;0;31;,Los Angeles Rams;3;13;0;19;,Los Angeles Rams;6;10;0;38;,Los Angeles Rams;5;11;0;31;,Los Angeles Rams;4;12;0;25;,St. Louis Rams;7;9;0;44;,St. Louis Rams;6;10;0;38;,St. Louis Rams;5;11;0;31;,St. Louis Rams;4;12;0;25;,St. Louis Rams;13;3;0;81;sb,St. Louis Rams;10;6;0;63;,St. Louis Rams;14;2;0;88;cs,St. Louis Rams;7;9;0;44;,St. Louis Rams;12;4;0;75;,St. Louis Rams;8;8;0;50;,St. Louis Rams;6;10;0;38;,St. Louis Rams;8;8;0;50;,St. Louis Rams;3;13;0;19;,St. Louis Rams;2;14;0;13;,St. Louis Rams;1;15;0;6;,St. Louis Rams;7;9;0;44;,St. Louis Rams;2;14;0;13;,St. Louis Rams;7;8;1;47;,St. Louis Rams;7;9;0;44;,St. Louis Rams;6;10;0;38;,St. Louis Rams;7;9;0;44;,Los Angeles Rams;4;12;0;25;
49ers,San Francisco 49ers;6;10;0;38;,San Francisco 49ers;13;3;0;81;sb,San Francisco 49ers;3;6;0;33;,San Francisco 49ers;10;6;0;63;,San Francisco 49ers;15;1;0;94;sb,San Francisco 49ers;10;6;0;63;,San Francisco 49ers;10;5;1;66;,San Francisco 49ers;13;2;0;87;,San Francisco 49ers;10;6;0;63;sb,San Francisco 49ers;14;2;0;88;sb,San Francisco 49ers;14;2;0;88;,San Francisco 49ers;10;6;0;63;,San Francisco 49ers;14;2;0;88;,San Francisco 49ers;10;6;0;63;,San Francisco 49ers;13;3;0;81;sb,San Francisco 49ers;11;5;0;69;,San Francisco 49ers;12;4;0;75;,San Francisco 49ers;13;3;0;81;,San Francisco 49ers;12;4;0;75;,San Francisco 49ers;4;12;0;25;,San Francisco 49ers;6;10;0;38;,San Francisco 49ers;12;4;0;75;,San Francisco 49ers;10;6;0;63;,San Francisco 49ers;7;9;0;44;,San Francisco 49ers;2;14;0;13;,San Francisco 49ers;4;12;0;25;,San Francisco 49ers;7;9;0;44;,San Francisco 49ers;5;11;0;31;,San Francisco 49ers;7;9;0;44;,San Francisco 49ers;8;8;0;50;,San Francisco 49ers;6;10;0;38;,San Francisco 49ers;13;3;0;81;,San Francisco 49ers;11;4;1;72;cs,San Francisco 49ers;12;4;0;75;,San Francisco 49ers;8;8;0;50;,San Francisco 49ers;5;11;0;31;,San Francisco 49ers;2;14;0;13;
Seahawks,Seattle Seahawks;4;12;0;25;,Seattle Seahawks;6;10;0;38;,Seattle Seahawks;4;5;0;44;,Seattle Seahawks;9;7;0;56;,Seattle Seahawks;12;4;0;75;,Seattle Seahawks;8;8;0;50;,Seattle Seahawks;10;6;0;63;,Seattle Seahawks;9;6;0;60;,Seattle Seahawks;9;7;0;56;,Seattle Seahawks;7;9;0;44;,Seattle Seahawks;9;7;0;56;,Seattle Seahawks;7;9;0;44;,Seattle Seahawks;2;14;0;13;,Seattle Seahawks;6;10;0;38;,Seattle Seahawks;6;10;0;38;,Seattle Seahawks;8;8;0;50;,Seattle Seahawks;7;9;0;44;,Seattle Seahawks;8;8;0;50;,Seattle Seahawks;8;8;0;50;,Seattle Seahawks;9;7;0;56;,Seattle Seahawks;6;10;0;38;,Seattle Seahawks;9;7;0;56;,Seattle Seahawks;7;9;0;44;,Seattle Seahawks;10;6;0;63;,Seattle Seahawks;9;7;0;56;,Seattle Seahawks;13;3;0;81;cs,Seattle Seahawks;9;7;0;56;,Seattle Seahawks;10;6;0;63;,Seattle Seahawks;4;12;0;25;,Seattle Seahawks;5;11;0;31;,Seattle Seahawks;7;9;0;44;,Seattle Seahawks;7;9;0;44;,Seattle Seahawks;11;5;0;69;,Seattle Seahawks;13;3;0;81;sb,Seattle Seahawks ;12;4;0;75;cs,Seattle Seahawks ;10;6;0;63;,Seattle Seahawks ;10;5;1;66;
